# Copyright (C) 2018  Intel Corporation. All rights reserved.
# Your use of Intel Corporation's design tools, logic functions 
# and other software and tools, and its AMPP partner logic 
# functions, and any output files from any of the foregoing 
# (including device programming or simulation files), and any 
# associated documentation or information are expressly subject 
# to the terms and conditions of the Intel Program License 
# Subscription Agreement, the Intel Quartus Prime License Agreement,
# the Intel FPGA IP License Agreement, or other applicable license
# agreement, including, without limitation, that your use is for
# the sole purpose of programming logic devices manufactured by
# Intel and sold by Intel or its authorized distributors.  Please
# refer to the applicable agreement for further details.

# Quartus Prime Version 18.1.0 Build 625 09/12/2018 SJ Lite Edition
# File: C:\Users\tkhalil\OneDrive - Ciena Corporation\Desktop\Vending_Machine\vending_machine.csv
# Generated on: Sun Dec 08 17:22:55 2019

# Note: The column header names should not be changed if you wish to import this .csv file into the Quartus Prime software.

To,Direction,Location,I/O Bank,VREF Group,Fitter Location,I/O Standard,Reserved,Current Strength,Slew Rate,Differential Pair,Strict Preservation
HEX0[7],Output,PIN_D15,7,B7_N0,PIN_D15,3.3-V LVTTL,,,,,
HEX0[6],Output,PIN_C17,7,B7_N0,PIN_C17,3.3-V LVTTL,,,,,
HEX0[5],Output,PIN_D17,7,B7_N0,PIN_D17,3.3-V LVTTL,,,,,
HEX0[4],Output,PIN_E16,7,B7_N0,PIN_E16,3.3-V LVTTL,,,,,
HEX0[3],Output,PIN_C16,7,B7_N0,PIN_C16,3.3-V LVTTL,,,,,
HEX0[2],Output,PIN_C15,7,B7_N0,PIN_C15,3.3-V LVTTL,,,,,
HEX0[1],Output,PIN_E15,7,B7_N0,PIN_E15,3.3-V LVTTL,,,,,
HEX0[0],Output,PIN_C14,7,B7_N0,PIN_C14,3.3-V LVTTL,,,,,
HEX1[7],Output,PIN_A16,7,B7_N0,PIN_A16,3.3-V LVTTL,,,,,
HEX1[6],Output,PIN_B17,7,B7_N0,PIN_B17,3.3-V LVTTL,,,,,
HEX1[5],Output,PIN_A18,7,B7_N0,PIN_A18,3.3-V LVTTL,,,,,
HEX1[4],Output,PIN_A17,7,B7_N0,PIN_A17,3.3-V LVTTL,,,,,
HEX1[3],Output,PIN_B16,7,B7_N0,PIN_B16,3.3-V LVTTL,,,,,
HEX1[2],Output,PIN_E18,6,B6_N0,PIN_E18,3.3-V LVTTL,,,,,
HEX1[1],Output,PIN_D18,6,B6_N0,PIN_D18,3.3-V LVTTL,,,,,
HEX1[0],Output,PIN_C18,7,B7_N0,PIN_C18,3.3-V LVTTL,,,,,
HEX2[7],Output,PIN_A19,7,B7_N0,PIN_A19,3.3-V LVTTL,,,,,
HEX2[6],Output,PIN_B22,6,B6_N0,PIN_B22,3.3-V LVTTL,,,,,
HEX2[5],Output,PIN_C22,6,B6_N0,PIN_C22,3.3-V LVTTL,,,,,
HEX2[4],Output,PIN_B21,6,B6_N0,PIN_B21,3.3-V LVTTL,,,,,
HEX2[3],Output,PIN_A21,6,B6_N0,PIN_A21,3.3-V LVTTL,,,,,
HEX2[2],Output,PIN_B19,7,B7_N0,PIN_B19,3.3-V LVTTL,,,,,
HEX2[1],Output,PIN_A20,7,B7_N0,PIN_A20,3.3-V LVTTL,,,,,
HEX2[0],Output,PIN_B20,6,B6_N0,PIN_B20,3.3-V LVTTL,,,,,
HEX3[7],Output,PIN_D22,6,B6_N0,PIN_D22,3.3-V LVTTL,,,,,
HEX3[6],Output,PIN_E17,6,B6_N0,PIN_E17,3.3-V LVTTL,,,,,
HEX3[5],Output,PIN_D19,6,B6_N0,PIN_D19,3.3-V LVTTL,,,,,
HEX3[4],Output,PIN_C20,6,B6_N0,PIN_C20,3.3-V LVTTL,,,,,
HEX3[3],Output,PIN_C19,7,B7_N0,PIN_C19,3.3-V LVTTL,,,,,
HEX3[2],Output,PIN_E21,6,B6_N0,PIN_E21,3.3-V LVTTL,,,,,
HEX3[1],Output,PIN_E22,6,B6_N0,PIN_E22,3.3-V LVTTL,,,,,
HEX3[0],Output,PIN_F21,6,B6_N0,PIN_F21,3.3-V LVTTL,,,,,
HEX4[7],Output,PIN_F17,6,B6_N0,PIN_F17,3.3-V LVTTL,,,,,
HEX4[6],Output,PIN_F20,6,B6_N0,PIN_F20,3.3-V LVTTL,,,,,
HEX4[5],Output,PIN_F19,6,B6_N0,PIN_F19,3.3-V LVTTL,,,,,
HEX4[4],Output,PIN_H19,6,B6_N0,PIN_H19,3.3-V LVTTL,,,,,
HEX4[3],Output,PIN_J18,6,B6_N0,PIN_J18,3.3-V LVTTL,,,,,
HEX4[2],Output,PIN_E19,6,B6_N0,PIN_E19,3.3-V LVTTL,,,,,
HEX4[1],Output,PIN_E20,6,B6_N0,PIN_E20,3.3-V LVTTL,,,,,
HEX4[0],Output,PIN_F18,6,B6_N0,PIN_F18,3.3-V LVTTL,,,,,
HEX5[7],Output,PIN_L19,6,B6_N0,PIN_L19,3.3-V LVTTL,,,,,
HEX5[6],Output,PIN_N20,6,B6_N0,PIN_N20,3.3-V LVTTL,,,,,
HEX5[5],Output,PIN_N19,6,B6_N0,PIN_N19,3.3-V LVTTL,,,,,
HEX5[4],Output,PIN_M20,6,B6_N0,PIN_M20,3.3-V LVTTL,,,,,
HEX5[3],Output,PIN_N18,6,B6_N0,PIN_N18,3.3-V LVTTL,,,,,
HEX5[2],Output,PIN_L18,6,B6_N0,PIN_L18,3.3-V LVTTL,,,,,
HEX5[1],Output,PIN_K20,6,B6_N0,PIN_K20,3.3-V LVTTL,,,,,
HEX5[0],Output,PIN_J20,6,B6_N0,PIN_J20,3.3-V LVTTL,,,,,
LEDR[9],Output,PIN_B11,7,B7_N0,PIN_B11,3.3-V LVTTL,,,,,
LEDR[8],Output,PIN_A11,7,B7_N0,PIN_A11,3.3-V LVTTL,,,,,
LEDR[7],Output,PIN_D14,7,B7_N0,PIN_D14,3.3-V LVTTL,,,,,
LEDR[6],Output,PIN_E14,7,B7_N0,PIN_E14,3.3-V LVTTL,,,,,
LEDR[5],Output,PIN_C13,7,B7_N0,PIN_C13,3.3-V LVTTL,,,,,
LEDR[4],Output,PIN_D13,7,B7_N0,PIN_D13,3.3-V LVTTL,,,,,
LEDR[3],Output,PIN_B10,7,B7_N0,PIN_B10,3.3-V LVTTL,,,,,
LEDR[2],Output,PIN_A10,7,B7_N0,PIN_A10,3.3-V LVTTL,,,,,
LEDR[1],Output,PIN_A9,7,B7_N0,PIN_A9,3.3-V LVTTL,,,,,
LEDR[0],Output,PIN_A8,7,B7_N0,PIN_A8,3.3-V LVTTL,,,,,
change[7],Output,,,,PIN_B15,3.3-V LVTTL,,,,,
change[6],Output,,,,PIN_E12,3.3-V LVTTL,,,,,
change[5],Output,,,,PIN_J13,3.3-V LVTTL,,,,,
change[4],Output,,,,PIN_E13,3.3-V LVTTL,,,,,
change[3],Output,,,,PIN_H17,3.3-V LVTTL,,,,,
change[2],Output,,,,PIN_H14,3.3-V LVTTL,,,,,
change[1],Output,,,,PIN_F16,3.3-V LVTTL,,,,,
change[0],Output,,,,PIN_A15,3.3-V LVTTL,,,,,
clk,Input,PIN_P11,3,B3_N0,PIN_P11,3.3-V LVTTL,,,,,
confirm,Input,PIN_A7,7,B7_N0,PIN_A7,3.3 V Schmitt Trigger,,,,,
dispense_product,Output,,,,PIN_C9,3.3-V LVTTL,,,,,
dollar,Input,PIN_D12,7,B7_N0,PIN_D12,3.3-V LVTTL,,,,,
fifty,Input,PIN_C12,7,B7_N0,PIN_C12,3.3-V LVTTL,,,,,
quarter,Input,PIN_A12,7,B7_N0,PIN_A12,3.3-V LVTTL,,,,,
reset,Input,PIN_B8,7,B7_N0,PIN_B8,3.3 V Schmitt Trigger,,,,,
select_product_a,Input,PIN_F15,7,B7_N0,PIN_F15,3.3-V LVTTL,,,,,
select_product_b,Input,PIN_B14,7,B7_N0,PIN_B14,3.3-V LVTTL,,,,,
select_product_c,Input,PIN_A14,7,B7_N0,PIN_A14,3.3-V LVTTL,,,,,
select_product_d,Input,PIN_A13,7,B7_N0,PIN_A13,3.3-V LVTTL,,,,,
select_product_e,Input,PIN_B12,7,B7_N0,PIN_B12,3.3-V LVTTL,,,,,
